prompt,prompt_en
Ka da bi a ɛwɔ Asase so a tumi a ɛtwe ade ba fam no dan akyi mpofirim nnɔnhwerew kakraa bi ho asɛm. Nnipa ne mmoa yɛ wɔn ade dɛn?,Describe a day on Earth where gravity suddenly reverses for a few hours. How do people and animals react?
Yɛ obi a bere bi na ɔyɛ ɔbran nanso wabɛyɛ ɔbɔnefo esiane ntease a ɛnteɛ a ɛyɛ awerɛhow nti.,Create a character who was once a hero but has become a villain due to a tragic misunderstanding.
Kyerɛw suban bi a ɔyɛ nea otwa to wɔ wɔn su mu a ɔte wiase a akɔ so a wɔnka ho mu ho asɛm.,Write about a character who is the last of their kind living in a world that has moved on without them.
Bɔ suban bi a ne sunsuma aba nkwa mu na ɔyɛ n’ade sɛ wɔn yɔnko a ɔyɛ ɔkwasea.,Create a character whose shadow has come to life and acts as their mischievous counterpart.
"Twerɛ email de di adwuma ho nsɛmbisa a wobisabisaa wo adapɛn mmienu a atwam no akyi. Da w’anigye a wokɔ so wɔ wɔ dibea no ho adi, da nea obisabisaa no nsɛm no ase wɔ ne bere ho, na bisa sɛ wɔmma no nsɛm foforo.","Write an email to follow up on a job interview you had two weeks ago. Express your continued interest in the position, thank the interviewer for their time, and ask for updates."
Ɛsɛ sɛ wo ne wo yɔnko dwumayɛni bi yɛ nhyehyɛe ma wo ne wo susuw sɛnea adwuma bi rekɔ so ho. Kyerɛw email a ɛkyerɛ nidi bisa bere a ɛfata ma nhyiam no na fa nsɛm tiawa bi ma.,You need to schedule a meeting with a colleague to discuss the progress of a project. Write a polite email requesting a suitable time for the meeting and provide a brief outline.
Kyerɛw email kɔma wo panyin bisa wo nsɛm wɔ amanneɛbɔ bi a wode kɔe nnansa yi ho. Kyerɛ w’anigye a wowɔ sɛ wobɛma w’adwuma atu mpɔn na bisa nyansahyɛ pɔtee bi.,Write an email to your supervisor asking for feedback on a recent report you submitted. Express your interest in improving your work and ask for specific suggestions.
"Hyehyɛ email ma wo manager a ɔpa kyɛw sɛ woayera adwuma no bere a etwa to. Kyerɛkyerɛ nea enti a woakyɛ no mu, na kyerɛ anammɔn a wobɛfa so ahwɛ ahu sɛ ɛrensi bio.","Compose an email to your manager apologizing for missing a project deadline. Explain the reason for the delay, and outline your steps to ensure it won’t happen again."
"Kyerɛw email kɔma adetɔnfo bi a ɔde nneɛma a ɛnteɛ anaasɛ asɛe kɔmaa no. Fa animtew kyerɛkyerɛ asɛm no mu, fa nsɛm a ɛkɔ akyiri ma, na bisa sɛ wɔmfa sika no mma anaasɛ wɔmfa nsi ananmu.","Write an email to a vendor who delivered incorrect or damaged products. Politely explain the issue, provide details, and request a refund or replacement."
Twerɛ email kɔma adetɔfoɔ dwumadie ananmusifoɔ bi bisa sɛdeɛ nneɛma bi a w’ani gye ho sɛ wobɛtɔ no wɔ hɔ ne ne ho nsɛm.,Write an email to a customer service representative inquiring about the availability and specifications of a product you are interested in purchasing.
Woahu sɛ wɔabɔ ka a ɛnteɛ wɔ sika a wotua ɔsram biara no ho. Kyerɛw email kɔma billing department no kyerɛkyerɛ asɛm no mu na bisa sɛ wɔnyɛ nteɛso.,You’ve noticed an incorrect charge on your monthly bill. Write an email to the billing department explaining the issue and asking for a correction.
"Hyehyɛ email kɔma adetɔfoɔ bi a wɔsom bo a wɔda wɔn ase wɔ wɔn adwuma a wɔakɔ so ayɛ no ho, na bɔ wɔn amanneɛ wɔ nkɔsoɔ anaa dwumadie soronko bi ho.","Compose an email to a valued customer thanking them for their continued business, and inform them about a special promotion or offer."
Kyerɛw email kɔma adwumakuw bi atɔfo som dwumadibea de di osuahu bɔne bi a wunyae wɔ wɔn som adwuma no ho dwuma. Kyerɛkyerɛ ɔhaw no mu na kyerɛ sɛnea wobɛpɛ sɛ wosiesie.,Write an email to a company’s customer service department to address a poor experience you had with their service. Explain the problem and suggest how you would like it resolved.
Hyehyɛ email de bisa sɛ wɔmfa nneɛma bi a woatɔ wɔ intanɛt so no san ba anaasɛ wɔmfa sesa. Fa wo order nɔma ne nea enti a wosan bae no ka ho.,Compose an email to request a return or exchange for a product you purchased online. Include your order number and reason for the return.
Kyerɛw email kɔma w’adamfo bi a wo ne no nkasae bere tiaa bi. Kyere wɔn wɔ nea akɔ so wɔ w’asetra mu na bisa wɔn sɛnea wɔn ho te.,Write an email to a friend you haven’t spoken to in a while. Catch them up on what’s been happening in your life and ask them how they’re doing.
Kyerɛw email de da abusua muni anaa w’adamfo bi ase wɔ akyɛde bi a wɔde maa wo no ho. Ka nea enti a w’ani sɔ akyɛde no ne sɛnea woayɛ w’adwene sɛ wode bedi dwuma no ho asɛm pɔtee.,Write an email thanking a family member or friend for a gift they gave you. Be specific about why you appreciate the gift and how you plan to use it.
"Hyehyɛ email a ɛnyɛ ɔkwan biara so de to nsa frɛ nnamfo ma wɔmmra apontow bi a woreyɛ. Fa da, bere, beae, ne dwumadi titiriw biara ho nsɛm ka ho.","Compose an informal email inviting friends to a party you’re hosting. Include details about the date, time, location, and any special activities."
Kyerɛw email de ma w’adamfo anaa wo yɔnko dwumayɛni bi akwaaba wɔ nea woatumi ayɛ nnansa yi ho. Da w’anigye adi ma wɔn na fa nkuranhyɛ nsɛm ma wɔn.,Write an email congratulating a friend or colleague on a recent achievement. Express your happiness for them and offer words of encouragement.
Twerɛ email kɔma w’adamfo paa anaa w’abusua muni bi a ɔka nsɛm a ɛyɛ anigyeɛ. Ka nsɛm a ɛkɔ akyiri ne sɛnea wote nka wɔ ho kyerɛ wɔn.,Write an email to a close friend or family member sharing exciting news. Tell them the details and how you’re feeling about it.
"Kyerɛw email kɔma sukuupɔn bi admissions office bisa nhyehyɛe pɔtee bi ho nsɛm. Bisa akwammisa nhyehyɛe, nna a etwa to, ne nea ɛkeka ho ho asɛm.","Write an email to the admissions office of a university requesting information about a specific program. Ask about the application process, deadlines, etc."
Hyehyɛ email kɔma kan ɔbenfo bi bisa wɔn sɛ wɔnkyerɛw krataa a wɔde bɛkamfo wo ama wo. Fa dibea no ho nsɛm ma na ka sɛ wode nsɛm foforo bɛma.,Compose an email to a former professor asking them to write a recommendation letter for you. Provide details about the position and offer to provide further information.
"Kyerɛw email a ɛfata kɔma aban panyin bi a ɛfa mpɔtam hɔ asɛm bi a ɛhaw wo ho. Ka nea ɛhaw wo, fa nokwasɛm ahorow a ɛfoa so ma, na kyerɛ ano aduru a ebetumi aba.","Write a formal email to a government official addressing a local issue that concerns you. State your concerns, provide supporting facts, and suggest possible solutions."
Woafi adwuma foforo ase nkyɛe na wopɛ sɛ woda wo ho adi kyerɛ wo kuw no mufo. Kyerɛw email a ɛyɛ mmara kwan so de kyerɛ wo ho na kyerɛ w’anigye a wowɔ wɔ adwuma a wɔbom yɛ ho.,You’ve just started a new job and want to introduce yourself to your team members. Write a formal email introducing yourself and expressing your excitement about working together.
Hyehyɛ email kɔma kan adwumawura bi a ɛsrɛ sɛ wɔmfa nni dwuma sɛ adwuma akwammisa foforo ho nkyerɛkyerɛmu. Fa animtew srɛ wɔn kwan na da wɔn ase wɔ mmoa a wɔde ma no ho.,Compose an email to a former employer requesting to use them as a reference for a new job application. Politely ask for their permission and thank them for their support.
Kyerɛw email a ɛyɛ nwini kɔma obi a obetumi ayɛ wo client a ɔde wo adwumakuw no kyerɛ na ɔde wo nnwuma ma. Twe adwene si w’ahoɔden atitiriw so na kyerɛkyerɛ sɛnea wubetumi aboa wɔn adwuma no mu.,Write a cold email to a potential client introducing your company and offering your services. Highlight your key strengths and explain how you can help their business.
"Hyehyɛ aguadi email a ɛbɔ amanneɛ sɛ wɔde ade foforo bi aba. Fa nneɛma a ɛwɔ ade no mu, mfaso horow, ne nneɛma titiriw biara a wɔde hyɛ ho nkuran anaa wɔatew ne bo so ho nsɛm ka ho.","Compose a marketing email announcing the launch of a new product. Include details about the product’s features, benefits, and any special promotions or discounts."
Kyerɛw email a edi akyi kɔma obi a obetumi ayɛ wo adetɔfo a ɔdaa anigye adi wɔ wo nneɛma no ho. Kae wɔn mfaso a ɛwɔ so no na ka sɛ wubebua nsɛmmisa biara.,Write a follow-up email to a potential client who expressed interest in your product. Remind them of the benefits and offer to answer any questions.
"Hyehyɛ email a ɛkyerɛ sɛ obi foforo akyerɛw ne din wɔ wo adwumakuw no nsɛmma nhoma mu. Da wɔn ase sɛ wɔakyerɛw wɔn din, ka nea ɛsɛ sɛ wɔhwɛ kwan kyerɛ wɔn, na fa ɔfrɛ a ɛne sɛ wɔnyɛ ade ka ho.","Compose an email confirming a new subscriber to your company’s newsletter. Thank them for subscribing, tell them what to expect, and include a call to action."
Kyerɛw adetɔn email kɔma adetɔfo bi a ɔwɔ hɔ dedaw a ɔde nneɛma a ɛfa ho a ebia wɔn ani begye ho ma a egyina nneɛma a wɔatɔ dedaw so. Si nea enti a saa nneɛma yi boa wɔn adetɔ no so dua.,Write a sales email to an existing customer offering related products they might be interested in based on previous purchases. Highlight why these products complement their purchase.
Kyerɛw email kɔma wo professor bisa sɛ wɔmma no ntrɛwmu mma dwumadi bi. Kyerɛkyerɛ wo tebea no mu na fa bere nhyehyɛe a ɛfata ma bere a wubetumi awie adwuma no.,Write an email to your professor requesting an extension for an assignment. Explain your situation and provide a reasonable timeline for when you can complete the work.
"Hyehyɛ email ma wo mfɛfo sukuufo a wɔreyɛ kuw adwuma bi ho nhyehyɛe. Fa nnwuma ma, hyehyɛ bere a wɔde bɛma, na kyerɛ bere a ɛsɛ sɛ wohyiam mfa nsusuw nkɔso ho.","Compose an email to your classmates coordinating a group project. Assign tasks, set deadlines, and suggest a meeting time to discuss progress."
Kyerɛw email kɔma ɔbenfo bi bisa nhwehwɛmu hokwan ahorow a ebetumi aba ho asɛm. Twe adwene si nneɛma a w’ani gye ho so na kyerɛkyerɛ nea enti a wobɛpɛ sɛ wo ne wɔn yɛ adwuma no mu.,Write an email to a professor inquiring about potential research opportunities. Highlight your interests and explain why you’d like to work with them.
Kyerɛw email kɔma wo professor kyɛ kyɛw sɛ ɔpaa adesua bi esiane tebea horow a wunhui nti. Bisa sɛ ebia nsɛm bi wɔ hɔ a ɛsɛ sɛ wokyere anaa.,Write an email to your professor apologizing for missing a class due to unforeseen circumstances. Ask if there is any material you need to catch up on.
Hyehyɛ email kɔma kan ɔbenfo anaa ɔfotufo bi a bisa adwuma ho afotu. Kyerɛkyerɛ wo mprempren tebea no mu tiawa na bisa akwankyerɛ wɔ sɛnea wobɛkɔ w’anim ho.,Compose an email to a former professor or mentor asking for career advice. Briefly explain your current situation and ask for guidance on how to move forward.
"Ebinom gye di sɛ intanɛt so adesua tu mpɔn sen atetesɛm adesua, bere a afoforo gye akyinnye sɛ adesuadan mu adesua da so ara ho hia. Munsusuw adwene abien no nyinaa ho na fa w’adwene ma.","Some believe online learning is more effective than traditional learning, while others argue classroom learning is still crucial. Discuss both views and give your opinion."
"Nnipa binom gye di sɛ ɛsɛ sɛ wodi nneɛma a atwa yɛn ho ahyia ho haw ahorow ho dwuma wɔ wiase nyinaa, bere a afoforo susuw sɛ ɛsɛ sɛ wodi ho dwuma wɔ mpɔtam hɔ. Munsusuw adwene abien no nyinaa ho na fa w’adwene ma.","Some people believe environmental problems should be solved globally, while others think they should be tackled locally. Discuss both views and give your opinion."
Ebinom gye di sɛ adwuma ne asetra a wɔbɛkari pɛ no yɛ den nnɛ sen bere a atwam no. Wopene asɛm yi so anaasɛ wo ne no nyɛ adwene kodu he?,Some believe achieving work-life balance is more difficult today than in the past. To what extent do you agree or disagree with this statement?
"Wɔ aman pii mu no, sɛ wɔkyekyem pɛpɛɛpɛ a, nnipa mu duru rekɔ soro, bere a akwahosan ne apɔwmuden so retew. Dɛn ne nea ɛde ɔhaw yi ba ne ano aduru a ebetumi aba?","In many countries, the average weight of people is increasing, while health and fitness levels are decreasing. What are the causes and possible solutions to this problem?"
"Ebinom ka sɛ mmoa mu nhwehwɛmu de yɛ aduruyɛ mu nhwehwɛmu ho hia, bere a afoforo gye di sɛ ɛsɛ sɛ wɔbara. Munsusuw adwene abien no nyinaa ho na fa w’adwene ma.","Some argue that animal testing for medical research is necessary, while others believe it should be banned. Discuss both views and give your opinion."
"Wɔ aman pii so no, mmerante ne mmabaa bɔ mmɔden sɛ wobenya adwuma. Dɛn na ɛde asɛm yi ba, na ano aduru bɛn na wubetumi akyerɛ?","In many countries, young people struggle to find employment. What are the causes of this issue, and what solutions can you suggest?"
"Kɛse mmoroso reyɛ ɔhaw kɛse wɔ aman pii mu. Dɛn na ɛde asɛm yi ba, na nneɛma bɛn na wobetumi ayɛ de adi ho dwuma?","Obesity is becoming a serious problem in many countries. What are the causes of this issue, and what measures could be taken to address it?"
"Wɔ nkurow akɛse pii mu no, mframa ne nsu a wɔsɛe no yɛ asɛm titiriw. Dɛn na ɛde ɔhaw ahorow yi ba, na nneɛma bɛn na wobetumi ayɛ de ama tebea no atu mpɔn?","In many large cities, air and water pollution is a significant issue. What are the causes of these problems, and what measures can be taken to improve the situation?"
"Mpanyimfo pii da so ara nni dijitaal ho nimdeɛ atitiriw wɔ nnɛ wiase yi mu. Dɛn ne nea enti a wɔyɛ eyi, na dɛn na wobetumi ayɛ de ama dijitaal akenkan ne akyerɛw atu mpɔn?","Many adults still do not have basic digital skills in today's world. What are the reasons behind this, and what can be done to improve digital literacy?"
"Wɔ nkurow akɛse pii mu no, nnipa a wonni afie redɔɔso. Dɛn ne nea enti a saa nkɔanim yi aba, na dɛn na wobetumi ayɛ de atew ɔhaw no so?","In many urban areas, homelessness is on the rise. What are the reasons for this increase, and what can be done to reduce the problem?"
"Wim nsakrae renya yɛn okyinnsoromma yi so nkɛntɛnso kɛse. Wususuw sɛ dɛn na ɛde wim nsakrae ba titiriw, na dɛn ne nkɛntɛnso a ebetumi anya wɔ nneɛma a atwa yɛn ho ahyia so?","Climate change is having a significant impact on our planet. What do you think are the main causes of climate change, and what are its potential effects on the environment?"
"Intanɛt so aguadi agye din kɛse wɔ nnansa yi mfe mu. Dɛn ne nea enti a saa su yi ba, na nkɛntɛnso bɛn na enya wɔ mpɔtam hɔ nnwuma so?","Online shopping has become increasingly popular in recent years. What are the reasons for this trend, and what impact does it have on local businesses?"
"Wɔ wiase mmeae pii no, nnipa dodow a wɔkenkan nhoma no so atew kɛse. Dɛn ne nea enti a ɛso atew yi, na dɛn ne nea efi mu ba ma ɔmanfo?","In many parts of the world, the number of people reading books has decreased significantly. What are the reasons for this decline, and what are the consequences for society?"
"Nnipa dodow a ɛboro so abɛyɛ ade a ɛhaw adwene kɛse wɔ nkurow pii mu. Dɛn na ɛde nnipa dodow a ɛboro so ba, na dɛn ne nkɛntɛnso a enya wɔ nkurow akɛse mu asetra so?","Overpopulation is becoming a serious concern in many cities. What are the causes of overpopulation, and what are the effects on urban life?"
"Wiase nyinaa ayɔnkofa de mfaso pii aba, nanso ɛde nkɛntɛnso bɔne nso aba ɔmanfo afã horow bi so. Dɛn na ɛde wiase nyinaa ayɔnkofa ba, na ɔkwan bɛn so na aka wiase no?","Globalization has brought many benefits, but also negative impacts on certain aspects of society. What are the causes of globalization, and how has it affected the world?"
"Wɔ nnansa yi mfe mu no, adwuma a wɔyɛ wɔ akyirikyiri abɛyɛ nea abu so. Ka mfaso ne ɔhaw ahorow a ɛwɔ akyirikyiri adwuma so ho asɛm.","In recent years, remote work has become more common. Discuss the advantages and disadvantages of remote work."
Nnipa pii retu afi nkuraase akɔ nkurow akɛse mu. Ka mfaso ne ɔhaw ahorow a ɛwɔ saa su yi so ho asɛm.,More people are moving from rural areas to cities. Discuss the advantages and disadvantages of this trend.
Mfiridwuma mu nkɔso asakra sɛnea nkurɔfo di nkitaho. Dɛn ne mfaso ne ɔhaw ahorow a ɛwɔ saa nkɔso yi so?,Technological advancements have changed how people communicate. What are the advantages and disadvantages of this development?
Nkurow pii de sika reto ɔmanfo kar nhyehyɛe mu na ama kar akwanhyia so atew. Ka mfaso ne ɔhaw ahorow a ɛwɔ sika a wɔde asie yi so ho asɛm.,Many cities are investing in public transportation systems to reduce traffic congestion. Discuss the advantages and disadvantages of this investment.
Amanaman ntam akwantu a wobetumi anya no akɔ soro kɛse. Ka mfaso ne ɔhaw ahorow a ɛwɔ so ma nsrahwɛfo ne aman a wogye ahɔho no ho asɛm.,The availability of international travel has increased significantly. Discuss the advantages and disadvantages for tourists and host countries.
"Wɔ aman bi mu no, mmarima ne mmea dwumadi ahorow resakra, bere a wɔ afoforo mu no, atetesɛm mu dwumadi ahorow da so ara wɔ hɔ. So wugye tom sɛ mmarima ne mmea dwumadi ahorow resakra? Nkɛntɛnso bɛn na eyi renya wɔ ɔmanfo so?","In some countries, gender roles are changing, while in others, traditional roles persist. Do you agree gender roles are changing? What impact is this having on society?"
"Ebinom gye di sɛ awofo nkutoo na ɛsɛ sɛ wɔyɛ wɔn asɛyɛde sɛ wɔbɛtete mmofra, bere a afoforo susuw sɛ ɛsɛ sɛ aban no di dwuma bi. Munsusuw adwene abien no nyinaa ho na fa w’adwene ma.","Some believe parents should be solely responsible for raising children, while others think the government should play a role. Discuss both views and give your opinion."
"Ebinom gye di sɛ sohyial media nya ɔmanfo so nkɛntɛnso pa, bere a afoforo susuw sɛ ɛwɔ nkɛntɛnso bɔne. Munsusuw adwene abien no nyinaa ho na fa w’adwene ma.","Some believe social media has a positive influence on society, while others think it has a negative impact. Discuss both views and give your opinion."
Wiase nyinaa ayɔnkofa rema wɔahwere amammerɛ mu nipasu. Wopene so anaasɛ wo ne no nyɛ adwene kodu he? Nneɛma bɛn na wobetumi ayɛ de akora mpɔtam hɔ amammerɛ so?,Globalization is leading to the loss of cultural identity. To what extent do you agree or disagree? What measures can be taken to preserve local cultures?
"Ebinom gye di sɛ adwinni yɛ ɔmanfo fã titiriw, bere a afoforo susuw sɛ ɛyɛ ahonyade. Munsusuw adwene abien no nyinaa ho na fa w’adwene ma.","Some believe art is an essential part of society, while others think it is a luxury. Discuss both views and give your opinion."
Kyerɛkyerɛ daakye anɔpa dwumadi bi a wɔde biribiara yɛ adwuma wɔ ɔkwan a ɛyɛ adwuma so na wɔyɛ no yiye ma ɛyɛ adwuma yiye. Nsɛnnennen bɛn na wɔnhwɛ kwan sɔre?,Describe a futuristic morning routine where everything is automated and optimized for maximum productivity. What unexpected challenges arise?
Fa no sɛ wowɔ tumi kɛse bi a ɛma wutumi gyina bere simma 10 dɔnhwerew biara. Ɔkwan bɛn so na wode eyi ka wo da biara da dwumadi ho?,Imagine you have a superpower that allows you to pause time for 10 minutes every hour. How do you incorporate this into your daily routine?
"Kyerɛw da bi a ɛwɔ obi a ɔyɛ nhyehyɛe a ɛboro so a ɔyɛ nhyehyɛe wɔ wɔn da no mu simma biara asetra mu ho asɛm. Sɛ nneɛma fi ase sɛe bere a wɔahyɛ da ayɛ a, dɛn na ɛba?",Write about a day in the life of a hyper-organized person who plans every minute of their day. What happens when things start to go off-schedule?
Yɛ asɛm bi a ɛfa obi a ɔrebɔ mmɔden sɛ obegyae su bɔne bi a ɛyɛ mmerɛw (te sɛ nneɛma a wɔtwentwɛn so anaasɛ nnuan a wɔnom boro so) a ɔde akwan a ɛnyɛ nea wɔtaa yɛ anaa nkonyaayi di dwuma ho.,Create a story about someone trying to break a mundane bad habit (like procrastination or excessive snacking) using unconventional or magical methods.
"Fa no sɛ adwumayɛbea bi a odwumayɛni biara gyina hɔ ma nkate soronko bi (sɛ nhwɛso no, anigye, abufuw, ahoɔyaw). Ɔkwan bɛn so na wɔfa da biara da nnwuma ne nhyiam ahorow mu?","Imagine an office where every employee represents a different emotion (e.g., joy, anger, envy). How do they navigate daily tasks and meetings?"
"Kyerɛkyerɛ adwuma bi a wɔyɛ wɔ akyirikyiri mu, nanso sɛ́ anka obefi fie ayɛ adwuma no, nea ɔyɛ nipa no fi mmeae ahorow a ɛyɛ nwonwa (te sɛ nsupɔw a ɛsensɛn nsu so anaa kwae a wɔayɛ no nwonwa) reyɛ adwuma.","Describe a remote work routine, but instead of working from home, the character is working from different fantastical locations (like floating islands or enchanted forests)."
Kyerɛw AI ankorankoro boafo bi a ofi ase kyerɛ nnwuma ase wɔ ɔkwan a ɛyɛ nwonwa so na ɔyɛ nneyɛe a ɛboa na ɛyɛ nea wontumi nhu nea ɛbɛba daakye ho asɛm.,Write about an AI personal assistant that starts to interpret tasks creatively and takes actions that are both helpful and wildly unpredictable.
"Wɔ adwumayɛbea bi a wɔyɛ nkonyaayi mu no, adwumayɛfo de nnuru di dwuma de ma wɔn adwumayɛ kɔ soro wɔ nnwuma ahorow mu. Sɛ obi fa aduru a ɛnteɛ ma adwuma a ɛnteɛ a, dɛn na ɛba?","In a magical office, employees use potions to boost their productivity for different tasks. What happens when someone takes the wrong potion for the wrong task?"
"App foforo bi kyerɛ sɛ egyina ankorankoro bi suban ne nea ɔpɛ so yɛ ‘adwuma da a ɛyɛ pɛ’ no ho mfonini. Kyerɛw obi a ɔsɔ hwɛ ho asɛm, na wuhu sɛ emu yɛ den koraa sen sɛnea na wɔhwɛ kwan.","A new app claims to simulate the ‘perfect workday’ based on an individual’s habits and preferences. Write about someone who tries it, only to discover it's far more intense than they expected."
Fa no sɛ wote ofie a etumi siesie ne ho nanso enya n’ankasa ‘adwene’ wɔ sɛnea ɛsɛ sɛ ahotew yɛ ho. Ɔhaw ahorow bɛn na ɛsɔre?,Imagine living in a house that can clean itself but develops its own 'opinions' on what cleanliness should look like. What problems arise?
"Kyerɛkyerɛ nhyehyɛe a wɔde yɛ adwuma a wɔdan ofie adwuma biara ma ɛbɛyɛ agoru ketewaa bi, a ɛwɔ levels, akatua, ne nsɛnnennen a wɔnhwɛ kwan awie.","Describe a chore system where every household task is turned into a mini-game, complete with levels, rewards, and unexpected challenges."
Kyerɛw ofie bi a mfiri no nyinaa betumi akasa ho asɛm. Wɔn mu biara wɔ nipasu soronko na wɔde afotu (anaasɛ anwiinwii) ma bere a woreyɛ wo da biara da nnwuma no.,Write about a home where all the appliances can talk. They each have distinct personalities and give advice (or complaints) while you do your daily chores.
"Yɛ da biara da ahotew nhyehyɛe wɔ wiase a da biara de akwanside soronko bi a ɛyɛ nkonyaayi ba, te sɛ mfutuma a wɔde akɔmfo ayɛ anaa nnwinnade a wɔde siesie nneɛma a ɛyɛ basabasa.","Invent a daily cleaning routine in a world where every day brings a different magical obstacle, like enchanted dust or mischievous cleaning tools."
"Bere biara a wobɛhoro nneɛma no, sɔks bi yera, nanso sɛ́ anka ɛbɛyera no, ɛnam bere mu. Kyerɛw nneɛma a wohu a eyi de ba no ho asɛm.","Every time you do the laundry, a sock goes missing, but instead of disappearing, it travels through time. Write about the discoveries this leads to."
"Wo fitness tracker no fi ase de afotu a ɛfa wo ho, ɛkame ayɛ sɛ psychic ho ma wo. Ɔkwan bɛn so na ɛsakra wo nhyehyɛe, na dɛn ne ne nhyehyɛe a ahintaw?","Your fitness tracker starts giving you personalized, almost psychic advice. How does it transform your routine, and what’s its hidden agenda?"
"Fa no sɛ bere biara a wobɛyɛ apɔw-mu-teɛteɛ no, wɔde wo kɔ nokwasɛm foforo bi mu a wo nipadua mu ahoɔden ka wiase a atwa wo ho ahyia no. Kyerɛkyerɛ apɔw-mu-teɛteɛ bere biako mu.","Imagine that every time you work out, you are transported to an alternate reality where your physical strength affects the world around you. Describe one workout session."
"Kyerɛw obi a ɔne nkonyaayifo bi yɛ apam sɛ ɔbɛbata wɔn akwahosan ho botae ahorow ho ho asɛm. Da biara a wobehuw adwuma bi so no, wohyia nea efi mu ba a ɛyɛ nwonwa nanso ɛnyɛ mmerɛw.","Write about someone who makes a deal with a magical being to stick to their health goals. Each day they skip a task, they face a quirky but inconvenient consequence."
Yɛ asɛm bi a da biara da aduan a wosiesie dan aduannoa ho anigye —nneɛma biara fi anwanwade asase so na ɛhwehwɛ sɛ wodi ho dwuma titiriw.,Create a story where daily meal prepping turns into a culinary adventure—each ingredient comes from a magical land and requires special handling.
"Fa no sɛ yoga adesua bi a ɛkɔ so wɔ studio bi a wɔde akɔmfosɛm ayɛ a tumi a ɛtwe ade ba fam no sesa, bere kotow, na sɛnea wɔyɛ wɔn ho no nya anwanwadeɛ.","Imagine a yoga class that takes place in an enchanted studio where gravity shifts, time bends, and poses take on magical effects."
"Ka da biara da akwantu a ɛkɔ kurow bi a ɛyɛ nsusuwii hunu a abɔde a wɔyɛ nkonyaayi ahyɛ mu ma mu, baabi a ɔmanfo kar ka nteaseɛnam a wɔde nkonyaayi, abɔde a wotu, anaa apon ano ho asɛm.","Describe a daily commute in a fantasy city filled with magical creatures, where public transportation includes enchanted carriages, flying creatures, or portals."
"Wɔ kurow a ɛbɛba daakye mu no, keteke a ɛnam fam nhyehyɛe no yɛ afiri a ɛsakra bere nyinaa. Kyerɛw obi akwantu a ɔtaa fa nhyehyɛe a wontumi nhu nea ɛbɛba yi so ho asɛm.","In a futuristic city, the subway system is an ever-changing maze. Write about someone's routine commute through this unpredictable system."
"Bere biara a wobɛfa bɔs akɔ adwuma no, wunya akwantu koro no ara a ɛyɛ soronko wɔ amansan a ɛne ne ho di nsɛ mu. Nhwɛso anaa nsakrae bɛn na wufi ase hu?","Every time you take the bus to work, you experience a different version of the same commute in a parallel universe. What patterns or changes do you begin to notice?"
"Teleportation ne kar a wɔtaa fa so, nanso ɔhaw bi ma akwantufo no kɔda mmeae ahorow ntam bere tiaa bi. Kyerɛkyerɛ sɛnea nkurɔfo di da biara da ɔhaw yi ho dwuma.","Teleportation is the most common form of transportation, but a glitch causes commuters to temporarily get stuck between locations. Describe how people handle this daily inconvenience."
"Fa no sɛ daakye sotɔɔ bi a wɔtɔn nnuan a robɔt a wɔde AI di dwuma boa adetɔfo, nanso wɔwɔ wɔn ankasa adwene. Ɔkwan bɛn so na eyi ka adetɔ ho osuahu no?","Imagine a futuristic grocery store where AI-driven robots assist shoppers, but they have a mind of their own. How does this affect the shopping experience?"
"Kyerɛw mmirikatu a wɔde kɔ gua so a adetɔnfo tɔn nneɛma a ɛyɛ mmerɛw ne nkonyaayi nyinaa ho asɛm, na ɛnyɛ sika nko na aguadi hwehwɛ na mmom anifere kwan so nnaadaa anaa abɛbusɛm.","Write about running errands in a marketplace where vendors sell both mundane and magical items, and haggling requires not just money but clever tricks or riddles."
"Dane da koro a wɔde tu mmirika nnwuma ma ɛnyɛ epic quest, a gyinabea biara de asɛnnennen soronko bi ba (sɛ nhwɛso no, nneɛma a wɔntaa nhu a wobɛsan agye, ahodwiriwde ahorow a wobedi, ne nea ɛkeka ho).","Turn a mundane day of running errands into an epic quest, with each stop presenting a unique challenge (e.g., retrieving rare ingredients, solving puzzles, etc.)."
"Wɔma wo grocery list a nneɛma a ɛte sɛ nea enni hɔ wom. Bere a worehwehwɛ mu no, wuhu sɛ ade biara yɛ biribi a ɛkyerɛ biribi a ɛsõ sen saa koraa.","You are given a grocery list with items that don't seem to exist. As you search, you discover that each item is a clue leading to something much bigger."
"Wɔ wiase a mfiridwuma mu nimdeɛ a ɛkorɔn wom a nyansahu mu de ahomegye yɛ nea eye sen biara mu no, fa daakye nnwinnade ne akwan horow di dwuma de kyerɛkyerɛ obi anadwo mframa a ɔde siw mframa ano no mu.","In a high-tech world where relaxation is scientifically optimized, describe a person’s nightly wind-down routine using futuristic tools and methods."
"Wɔ wiase a wobetumi adi adaeso so denam nneɛma pɔtee bi a wodi so mu no, ka sɛnea obi siesie ne ho ma ne dae a edi mũ no ho asɛm.","In a world where dreams can be controlled by following specific routines, describe a person’s preparation for their perfect dream."
"Kyerɛw obi a ɔyɛ adwendwene wɔ mmeae a ɛyɛ soronko koraa (sɛ nhwɛso no, ɔdan a ɛkorɔn atifi, po ase, kwae a ɛso yɛ den mu) de ne ho hyɛ mfinimfini wɔ da tenten akyi ho asɛm.","Write about someone who practices meditation in the most unusual of places (e.g., atop a skyscraper, under the sea, in a dense forest) to center themselves after a long day."
Ka anwummere bi a wɔyɛ daa a wo ne afieboa bi a ɔyɛ nkonyaayifo a otumi sesa ne su ma ɛne owura no adwene hyia ho asɛm.,Describe a routine evening spent with a magical pet that has the ability to change its form to match the owner's mood.
"Yɛ journaling kwan soronko bi a wode bɛdwene da no mu nsɛm a ɛsisiiɛ ho, de nkannyan a ɛtwe adwene si mmerɛ nketewa a ɛfa aseda, adebɔ, anaa wo ho a wobɛhunu so di dwuma.","Invent a unique journaling method for reflecting on the day’s events, using prompts that focus on small moments of gratitude, creativity, or self-discovery."
Ka suban bi a ontumi nwu nanso ɔte ɛyaw biara nka wɔ wɔn apirakuru no mu ho asɛm. Wɔyɛ dɛn gyina saa asetra yi ano?,Describe a character who cannot die but feels every bit of pain from their injuries. How do they cope with this existence?
Fa no sɛ obi a ɔwɔ afieboa bi a ɔyɛ robɔt a ɔwɔ AI a ɛkɔ anim a ofi ase nya n’ankasa nipasu ne n’akɔnnɔ ahorow.,Imagine a character who has a robotic pet with advanced AI that begins to develop its own personality and desires.
Wɔyɛ nhyiam bi wɔ ahɔho ahorow ahorow ntam de yɛ amansan nyinaa asomdwoe apam. Ɔkwan bɛn so na wodi kasa ne amammerɛ mu akwanside ahorow so?,A conference is held between various alien species to form a universal peace treaty. How do they overcome language and cultural barriers?
Kyerɛw okyinnsoromma bi a mmoa bi a wɔakɔ anim na wɔyɛɛ ho mfiridwuma nanso wɔagyaw hɔ ho asɛm. Dɛn na nnipa foforo a wɔte hɔ no hu wɔ n’atirimpɔw ankasa ho?,Write about a planet that was engineered by an advanced species but has been abandoned. What do the new inhabitants discover about its true purpose?
"Wɔ wiase a wobetumi awia nkae mu no, ka nkae owifo a ofi ase hwere wɔn ankasa nipasu asetra ho asɛm.","In a world where memories can be stolen, describe the life of a memory thief who begins to lose track of their own identity."
"Nhwehwɛmufo kuw bi ayɛ mfiridwuma a wɔde huruw wɔ nsusuwii ahorow ntam, nanso afã biara yɛ nea asiane wom sen nea etwa to no wɔ anifere kwan so. Dɛn na ɛma wɔkɔ so yɛ adwuma?","A group of explorers has developed technology to jump between dimensions, but each dimension is subtly more dangerous than the last. What keeps them going?"
"Daakye akyirikyiri no, ahunmu anibuei ahorow a wɔn werɛ afi bere tenten no asɛe ayɛ hɔ ma. Ka ɔsɛefo bi asetra wɔ amamfõ yi mu ho asɛm.","In the far future, space is littered with the debris of long-forgotten spacefaring civilizations. Describe a scavenger's life among these ruins."
Ahintasɛm pon bi puei wɔ kwae a ɛkɔ fae ahemman no mu no mu. Dɛn na akwantufo a wodi kan no hu wɔ ɔfã foforo no?,A mysterious door appears in the forest that leads to the fae realm. What do the first travelers find on the other side?
"Ɔtweaseɛ asetɔre fi bere tenten, nanso wɔasan awo biako wɔ onipa nipadua mu. Ɔkwan bɛn so na eyi ka nkonyaayi wiase no?","Dragons have long been extinct, but one has been reborn into the body of a human. How does this affect the world of magic?"
Kyerɛw obi a ɔne nkonyaayifo bi a ɔwɔ tumi de ne nsa hyɛ apam ase a onnim na afei ɛsɛ sɛ odi adwuma bi a ɛkame ayɛ sɛ ɛrentumi nyɛ yiye ho dwuma.,Write about a person who unknowingly signs a contract with a powerful sorcerer and now must fulfill a near-impossible task.
"Ka kurow bi a ɔdan ne abɔnten biara te ase, a ɛwɔ n’ankasa nsusuwii ne nkate ho asɛm. Ɔkwan bɛn so na ɛhɔfo no ne wɔn afie a wɔte mu no bom tra?","Describe a city where every building and street is alive, with its own thoughts and feelings. How do the inhabitants coexist with their living homes?"
Wɔadome ɔheneba anaa ɔhemmaa bi sɛ ɔbɛdan aboa anadwo biara. Ɛsɛ sɛ wɔhwehwɛ ɔkwan a wɔbɛfa so ayi nnome no afi hɔ ansa na awe wɔn.,A prince or princess has been cursed to turn into a beast every night. They must find a way to lift the curse before it consumes them.
"Obi fi ase hu wɔn dae bɔne wɔ asetra ankasa mu. Bere biara a wɔbɛsɔre no, wiase a ɛyɛ dae bɔne no fã foforo di wɔn akyi kɔ nokwasɛm mu.","A person begins to experience their nightmares in real life. Every time they wake up, another piece of the nightmare world follows them into reality."
"Kyerɛw mfiridwuma bi (telefon, laptop, ne nea ɛkeka ho) a ɛbɛyɛ nea ɛyɛ bɔne a ɛyɛ hu ho asɛm. Ɔkwan bɛn so na ɛyɛ ne wura no ho adwuma?","Write about a piece of technology (phone, laptop, etc.) that becomes haunted by a malevolent entity. How does it manipulate its owner?"
"Wɔ kurow ketewa bi mu no, owia no yera mpofirim na ɛyɛ anadwo fã bere nyinaa. Obiara ntumi mfi kurow no mu, na abɔde a wɔn ho yɛ nwonwa fi ase pue fi sum no mu.","In a small town, the sun suddenly disappears and it’s always midnight. No one can leave the town, and strange creatures begin to emerge from the darkness."
Nnamfo kuw bi to hintidua wɔ nhoma dedaw bi a ɛka amanne bi a wɔyɛ de frɛ onyame bi a wɔn werɛ afi ho asɛm. Wɔyɛ no sɛ aseresɛm —kosi sɛ ɛbɛyɛ adwuma.,A group of friends stumbles upon an old book that describes a ritual to summon a forgotten deity. They perform it as a joke—until it works.
Akwantufo kuw bi hu anibuei bi a ahintaw a akyi wiase no nkaa ho mfehaha pii. Ɔkwan bɛn so na wɔne saa ɔmanfo yi di nkitaho?,A team of explorers discovers a hidden civilization that has been untouched by the outside world for centuries. How do they interact with this society?
"Ka akwantu bi a wɔkɔɔ po no fã a emu dɔ sen biara, faako a wohu biribi a wɔnhwɛ kwan—tete kurow bi a abɔde a wonnim wɔn wɛn no ho asɛm.","Describe an expedition to the deepest part of the ocean, where they find something unexpected—an ancient city guarded by unknown creatures."
Adwumayɛfo bi kɔda supɔw bi a ɛyɛ ahintasɛm a ɛsakra n’asase so bere nyinaa na ɛde tete ahintasɛm sie so.,A crew gets stranded on a mysterious island that constantly shifts its landscape and hides ancient secrets.
Wim adwowtwafo kuw bi de wimhyɛn fa nsupɔw a ɛsensɛn nsu so ne wim nkurow mu hwehwɛ anansesɛm mu ademude bi a wɔde asie mununkum mu.,A band of sky pirates navigates airships through floating islands and sky cities in search of a legendary treasure hidden in the clouds.
"Ɔsraani bi a ɔhwehwɛ nkurɔfo ho nsɛm sɔre a ɔnkae nnɔnhwerew 48 a atwam no, na ohu sɛ wɔn na wosusuw sɛ wɔyɛ nsɛmmɔnedi kɛse bi. Wɔyɛ dɛn da no adi sɛ wɔn ho nni asɛm?","A detective wakes up with no memory of the last 48 hours, only to find that they’re the prime suspect in a major crime. How do they prove their innocence?"
"Ahɔhodan bi pue wɔ mmeae ahorow wɔ wiase nyinaa wɔ ahintasɛm kwan so, nanso anadwo nkutoo. Sɛ adekyee pɛ a, ɛyera. Dɛn ne n’ahintasɛm?","A hotel mysteriously appears in different locations around the world, but only at night. Once morning comes, it vanishes. What’s its secret?"
"Wɔ adwinni dan bi a agye din mu no, mfonini ahorow no fi ase ka nnipa a wɔhwɛ no ho ahintasɛm asereserew. Dɛn na ɛwɔ adeyɛ a ɛyɛ nwonwa yi akyi?","In a renowned art gallery, the paintings begin to whisper secrets about people who view them. What is behind this strange phenomenon?"
"Ɔhɔho bi a ɔhyɛ akatawia kɔ so pue wɔ mmeae ahorow a wɔyɛ nsɛmmɔnedi nanso ɛte sɛ nea ɔne nsɛmmɔnedi no nni abusuabɔ biara da. Henanom ne wɔn, na dɛn na wonim?","A masked stranger keeps appearing at various crime scenes but never seems to be connected to the crime. Who are they, and what do they know?"
"Fa no sɛ abakɔsɛm foforo bi a Leonardo da Vinci wiee bere afiri bi a ɛyɛ adwuma. Sɛ wohu wɔ nnɛyi mmere yi mu a, dɛn na anka ɛbɛba?",Imagine an alternate history where Leonardo da Vinci completed a working time machine. What would happen if it were discovered in modern times?
Kyerɛw nsɛm ho amanneɛbɔfo bi a ɔreka abakɔsɛm mu asɛm titiriw bi ho asɛm a ɔde amanneɛbɔ biako sesa nea efi mu ba wɔ akwanhyia mu ho asɛm.,Write about a journalist covering a major historical event who accidentally alters its outcome with a single report.
"Ka kuw bi a wɔsɔre tia asɛm wɔ nniso a ɛhyɛ nkurɔfo so wɔ abakɔsɛm mu ho asɛm, ne abrabɔ pa ho nsɛnnennen a wohyia na ama wɔatumi atra ase.","Describe the story of a resistance group during an oppressive regime in history, and the moral dilemmas they face to survive."
Yɛ nsɛmma nhoma mu nsɛm a efi abakɔsɛm mu ɔhwehwɛfo bi a wagye din a ɔto hintidua wɔ asase bi a enni asase mfonini biara so so.,Create a journal entry from a famous historical explorer who stumbles upon a land that doesn’t exist on any map.
"Wɔsan hu ahenni bi a wosusuw sɛ ayera wɔ abakɔsɛm mu, nanso emu nkurɔfo nnyinii mfehaha pii. Dɛn na ɛtoo wɔn?","A kingdom thought to be lost in history is rediscovered, but its people haven’t aged in centuries. What happened to them?"
"Daakye a enni akyiri no, wobetumi de adwene akɔ nipadua ahorow mu. Sɛ obi dan kɔ nipadua a wɔde ayɛ mu na ɔpɛ sɛ ɔsan kɔ ne mfitiase tebea mu a, dɛn na ɛba?","In the near future, consciousness can be transferred to different bodies. What happens when someone transfers into an artificial body and wants to return to their original form?"
"Kyerɛw asɛm bi fa ɔman bi a afiri bi na ɛkyerɛ obi abrabɔ pa ho. Sɛ obi a ɔwɔ abrabɔ pa ho nkontaahyɛde a ɛba fam twa nhyehyɛe no mpoa a, dɛn na ɛba?",Write a story about a society where a machine determines a person's moral worth. What happens when someone with a low moral score challenges the system?
Nyansahufo kuw bi hu sɛ adaeso yɛ nokwasɛm ahorow a ɛne ne ho di nsɛ ho mfonini kakraa bi. Ɔkwan bɛn so na eyi sesa ntease a yɛwɔ wɔ adwene ho no?,A group of scientists discovers that dreams are glimpses into parallel realities. How does this change our understanding of the mind?
"Wɔ owu akyi asetra mu no, wogyina ayamye ho nkae a wogyaw wɔ akyi no so bu akra atɛn. Suban bi hu sɛ wɔn sika resa.","In the afterlife, souls are judged based on the memories of kindness they left behind. A character realizes they are running out of currency."
"Wɔ daakye a AI di so mu no, gyinaesi a etwa to a wɔma nnipa kwan ma wosi ne nkae a wɔpɛ sɛ wɔkora so daa.","In a future controlled by AI, the last decision humans are allowed to make is which memory they want to preserve for eternity."
Kyerɛw asɛm bi fa abran akɛse kuw bi a wɔakɔ pɛnhyen a wofi pɛnhyenkɔ mu ba kɔyɛ asɛmpatrɛw adwuma biako a etwa to ho.,Write a story about a group of retired superheroes who come out of retirement for one last mission.
Ka bere mu akwantufo bi a ɔde ne ho kɔhyɛ amansan bi a ɛne ne ho di nsɛ mu a abakɔsɛm mu nsɛm asisi wɔ ɔkwan soronko koraa so no mu wɔ akwanhyia mu no ho asɛm.,Describe the adventures of a time traveler who accidentally gets stuck in a parallel universe where historical events have taken a drastically different turn.
Fa w’adwene bu ahenni bi a nkate horow di wim tebea so. Kyerɛkyerɛ da bi wɔ ɔman ba bi a ɔte hɔ asetra mu.,Imagine a kingdom where emotions control the weather. Describe a day in the life of a citizen living there.
"Yɛ asɛm bi a ɛtwa tete ade bi ho hyia a sɛ woka a, ɛkyerɛ nea okura no sɛ obehu wɔn daakye kakra, nanso ɛyɛ sikɔne 10 pɛ.","Create a narrative around an ancient artifact that, when touched, shows the holder a glimpse of their future, but only for 10 seconds."
Kyerɛw asɛm tiawa bi fi ahunmu hyɛn a ɛwɔ nkate a n’ani bere fekubɔ nanso abata okyinnsoromma bi a nnipa nni hɔ so no adwene mu.,Write a short story from the perspective of a sentient spaceship that longs for companionship but is stuck on an uninhabited planet.
Kyerɛw nkɔmmɔbɔ bi a ɛda ɔsraani a ɔhwehwɛ nkurɔfo ho nsɛm mu ne nsɛmmɔnedifo bi a ɔyɛ n’adwene a wɔyɛ mmofraberem nnamfo wɔ kokoam ntam.,Write a dialogue between a detective and a criminal mastermind who are secretly childhood friends.
Yɛ nkɔmmɔbɔ a ɛda ahunmu kwankyerɛfo ne ɔhɔho bi a ɔde kɔla di nkitaho mmom sen nsɛmfua ntam.,Create a conversation between an astronaut and an alien who communicates using colors instead of words.
Kyerɛw nkɔmmɔbɔ a ɛda onipa a ɔte ase ne honhommɔne a ɔde asetra mu afotu a wɔnhwɛ kwan ma ntam.,Write a dialogue between a living person and a ghost who offers unexpected life advice.
"Yɛ nkɔmmɔbɔ a ɛda AI ne ne bɔfo ntam, baabi a AI no gye atirimpɔw a ɛwɔ ne ba a ɛwɔ hɔ no ho kyim.","Craft a conversation between an AI and its creator, where the AI questions the purpose of its existence."
"Kyerɛw nkɔmmɔbɔ a ɛda ahemfie mpanyimfo baanu a wɔrebɔ pɔw sɛ wobetu ɔhene bi a wɔdɔ no agu, nanso wɔde twitwiw a ɛkyerɛ sɛ wɔn mu biako wɔ nhyehyɛe bi a ahintaw ntam.","Write a dialogue between two courtiers conspiring to overthrow a beloved monarch, but with a twist that one of them has a hidden agenda."
"Ka wiase bi a anibuei ahorow te nsupɔw a ɛsensɛn nsu so wɔ wim, na wɔde nneɛma fa afiri akɛse a wɔde bɔ nneɛma mu so ho asɛm.","Describe a world where civilizations live on floating islands in the sky, and resources are transported through a network of giant balloons."
Fa no sɛ kurow bi a ɛtrɛw a ɛwɔ asase ase a afifide a ɛma hann a ɛma hann yɛ adwuma na ɛma ahoɔden. Nsɛnnennen bɛn na emufo hyia?,Imagine a sprawling underground city powered by bioluminescent plants. What challenges do its inhabitants face?
Fa w’adwene bu ɔman bi a wɔde nkonyaayi ne mfiridwuma ayɛ biako a biribiara nhaw wɔn. Ɔkwan bɛn so na nkurɔfo de saa tumi ahorow yi di dwuma wɔ wɔn da biara da asetra mu?,Envision a society where magic and technology are seamlessly integrated. How do people use these powers in their daily lives?
"Bɔ wiase a nsu fibea biako pɛ ne ahintasɛm mu oasis a ɛtu ɔsram biara, na ɛma emufo nyinaa tu kɔtra mmeae foforo bere nyinaa.","Create a world where the only source of water is a mystical oasis that moves every month, leading to constant migration of all inhabitants."
"Ka adiyisɛm akyi wiase bi a asan akyekye ne ho abɛyɛ utopia, nanso ahintasɛm a ɛwɔ ase a ɛde n’asomdwoe to asiane mu wom ho asɛm.","Describe a post-apocalyptic world that has rebuilt itself into a utopia, but with underlying secrets that threaten its peace."
Kyerɛw anwensɛm bi a wɔde bere biara yɛ onipa na wɔde wɔn ho hyɛ nkɔmmɔbɔ a ɛfa asetra mu kyinhyia ho mu.,Write a poem where each season is personified and they engage in a conversation about the cycle of life.
Yɛ haiku ahorow a ɛtoatoa so a emu biara gyina hɔ ma ɔdɔ bi a werɛ afi ho nkae a emu apaapae.,Create a series of haikus that each represent a fragmented memory of a forgotten love.
"Kyerɛw anwensɛm bi a ɛde ɔkenkanfo no fa adaeso ahorow a ɛboro so mu, na ɛde nokwasɛm ne adwene frafra.","Compose a poem that takes the reader through a series of surreal dreamscapes, blending reality and imagination."
Kyerɛw anwensɛm bi a ɛkyere kurow a nnipa pii wɔ mu no nnyigyei ne nnyigyei te sɛ nea ɛyɛ nnwom a wɔbɔ.,Write a poem that captures the rhythm and sounds of a bustling city as if it were a symphony.
Fa no sɛ abɔde reto dwom dwom a wɔde kotow ato asase so ansa na anadwo adu. Nsɛmfua ne mfonini bɛn na na ɛde bedi dwuma?,Imagine nature singing a lullaby to the earth before the night falls. What words and imagery would it use?
Na sɛ kɔla ahorow a ɛwɔ wiase nyinaa fii ase yerae mmiako mmiako nso ɛ? Kyerɛkyerɛ nea ɛba bere a kɔla biako pɛ na aka no mu.,What if all the colors in the world started disappearing one by one? Describe what happens when there's only one color left.
Yɛ asɛm bi a ɛfa nhomakorabea bi a nhoma biara a wɔakyerɛw pɛn ne nhoma biara a wobetumi akyerɛw da wom ho.,Create a story about a library that contains every book ever written and every book that could ever be written.
Fa w’adwene bu wiase bi a wɔde nkate ahorow gu toa mu na wɔtɔn. Ɔkwan bɛn so na na eyi bɛsakra nnipa nkitahodi ne ɔmanfo?,Imagine a world where emotions are bottled and sold. How would this change human interactions and society?
"Na sɛ nkurɔfo fii ase nyin kɔɔ akyi, na wɔyɛɛ mmofra bere a wɔtra ase kyɛ no nso ɛ? Ná eyi bɛka wɔn abusuabɔ ne bere ho adwene no dɛn?","What if people started aging backwards, getting younger as they live longer? How would this affect their relationships and the concept of time?"
